Airfoil ,Mu,Chord,Twist
NACA 63821,0.3,0.040205,20.5261541
NACA 63818,0.4,0.036,15.2670016
NACA 63817,0.5,0.031725,11.6723125
NACA 63816,0.6,0.02738,9.0910256
NACA 63815,0.7,0.022965,7.0997461
NACA 63814,0.8,0.01848,5.5027456
NACA 63813,0.9,0.013925,4.3319621
NACA 63812,1,0.0093,3.847
