Airfoil,Mu,Chord,Twist,r,TSR_local,Phi,Alpha,Beta,Sigma,CL,CD,AeroEfi,Cx,Cy,F_tip,F_root,F_total,a,b,a_new,b_new,error_a,error_b,W
NACA 63821,0.3,0.040205,20.5261541,0.045,0.6,48.3345225124646,27.8083684124646,20.5261541,0.426588299133977,0.931000013185191,0.341730955414899,2.72436546479922,0.874196831188827,0.468317168998768,0.994123142019401,0.6577634623785,0.653897879925275,0.203493735479518,0.181754406376659,0.203493735479518,0.181754406376659,0.16879792040796,0.0493262781138415,0.746469799628313
NACA 63818,0.4,0.036,15.2670016,0.06,0.8,44.5218966922792,29.2548950922792,15.2670016,0.286478897565412,0.938178709905645,0.368935594949457,2.5429335709236,0.927595954058774,0.394789198123154,0.97427208610127,0.777020331127557,0.757029218950745,0.151457618285937,0.0807416523535107,0.151457618285937,0.0807416523535107,1.13657245596851,0.0305940157993465,0.847996129145982
NACA 63817,0.5,0.031725,11.6723125,0.075,1,39.8399280966196,28.1676155966196,11.6723125,0.201967622783615,0.94856519508597,0.350766540677091,2.70426362005605,0.953060510296452,0.338361875956091,0.938666295883901,0.842156337895639,0.79050377024765,0.129163579295107,0.045954212639588,0.129163579295107,0.045954212639588,1.35197459337608,0.284587677735001,0.952714217599726
NACA 63816,0.6,0.02738,9.0910256,0.09,1.2,35.5427711864361,26.4517455864361,9.0910256,0.145255411395203,0.973375853044361,0.323052107172928,3.01306145798739,0.979811805655892,0.302972013123401,0.885413850136966,0.885413850136966,0.783957686014366,0.118406219118567,0.0305773629247353,0.118406219118567,0.0305773629247353,1.520927841643,0.470777997331569,1.06312850319517
NACA 63815,0.7,0.022965,7.0997461,0.105,1.4,31.9330887375671,24.8333426375671,7.0997461,0.104428379088725,0.978820553363415,0.300113842985604,3.26149751582891,0.989430859951156,0.263029594940501,0.808299179271042,0.915779978393087,0.740224204927985,0.110901313740446,0.0211025655670735,0.110901313740446,0.0211025655670735,1.57666814927009,0.60353211746062,1.17843318174017
NACA 63814,0.8,0.01848,5.5027456,0.12,1.6,28.762186154724,23.259440554724,5.5027456,0.0735295837084557,1.00425061755702,0.279547381326243,3.59241647263017,1.01486190518083,0.238162454393536,0.69662493573408,0.938458919531316,0.653753884507578,0.109726541134986,0.0161322345167295,0.109726541134986,0.0161322345167295,1.84450162710147,0.729313881042711,1.29752323823252
NACA 63813,0.9,0.013925,4.3319621,0.135,1.8,25.8883721773896,21.5564100773896,4.3319621,0.0492496129456587,1.01504863805822,0.260205556749488,3.90094912168018,1.02679560694596,0.209096750198641,0.52162375065046,0.955967677919732,0.498655445657102,0.117380054112911,0.0133186710691828,0.117380054112911,0.0133186710691828,2.1376475810296,0.751893599348705,1.41841103659294
NACA 63812,1,0.0093,3.847,0.15,2,23.5634783754,19.7164783754,3.847,0.0311608625422027,1.02167559994717,0.241136441811552,4.23691911629689,1.03288384553757,0.187400044622404,0.387064005495485,0.967071099951824,0.374318413546277,0.118561238285665,0.0107580193730118,0.118561238285665,0.0107580193730118,0.152570660218557,0.265421186858084,1.47914240253099
